ご購入の前に必ずお読みください☺︎♡,"¥ 99,999,999","https://base-ec2if.akamaized.net/w=300,a=0,q=90,u=1/images/item/origin/b5d56836329da72ea56cf98409f64114.jpg",https://hermosa2.thebase.in/items/49371780
Being Rich Iphone Case,"¥ 2,060",https://static.thebase.in/img/apps/itemlabel/Penant_new_wh.png,https://hermosa2.thebase.in/items/49913776
What’s On Your Mind Iphone Case,"¥ 2,260",https://static.thebase.in/img/apps/itemlabel/Penant_new_wh.png,https://hermosa2.thebase.in/items/49583948
Purple’s Iphone Case,"¥ 2,060",https://static.thebase.in/img/apps/itemlabel/Penant_hot_wh.png,https://hermosa2.thebase.in/items/49488996
Painter Iphone Case,"¥ 1,960",https://static.thebase.in/img/apps/itemlabel/Penant_new_wh.png,https://hermosa2.thebase.in/items/49144823
Simple is the best Iphone Case,"¥ 1,960","https://base-ec2if.akamaized.net/w=300,a=0,q=90,u=1/images/item/origin/af0e4fc594aadad23c76781e22a6e87b.jpg",https://hermosa2.thebase.in/items/42005206
Lady’s and Gentlemen Iphone Case,"¥ 1,960","https://base-ec2if.akamaized.net/w=300,a=0,q=90,u=1/images/item/origin/e4e176a176a91fec5f28452da523890a.jpg",https://hermosa2.thebase.in/items/42059469
Nothing To Lose Iphone Case,"¥ 2,260","https://base-ec2if.akamaized.net/w=300,a=0,q=90,u=1/images/item/origin/dfa74bec8253b96b24b0a7389df93f95.jpg",https://hermosa2.thebase.in/items/47184227
A Green Iphone Case,"¥ 1,960","https://base-ec2if.akamaized.net/w=300,a=0,q=90,u=1/images/item/origin/42ab50ee9e9450eaa2e26530094959e5.jpg",https://hermosa2.thebase.in/items/47182930
A Rider Iphone Case,"¥ 1,960","https://base-ec2if.akamaized.net/w=300,a=0,q=90,u=1/images/item/origin/9404c5bb6aba69dfbc15dea96caa8a21.jpg",https://hermosa2.thebase.in/items/47097516
A Kid Iphone Case,"¥ 1,960","https://base-ec2if.akamaized.net/w=300,a=0,q=90,u=1/images/item/origin/02e190d3b741a2c82462196e020d01d4.jpg",https://hermosa2.thebase.in/items/47021136
Two Faced Iphone Case,"¥ 2,460","https://base-ec2if.akamaized.net/w=300,a=0,q=90,u=1/images/item/origin/f589b159ed7190d51008055c0e0272ce.jpg",https://hermosa2.thebase.in/items/46733667
Plants Iphone Case,"¥ 2,060","https://base-ec2if.akamaized.net/w=300,a=0,q=90,u=1/images/item/origin/336eadcc3aab854f616034ca18d06d03.jpg",https://hermosa2.thebase.in/items/46733054
Bold Eggs Iphone Case,"¥ 1,960","https://base-ec2if.akamaized.net/w=300,a=0,q=90,u=1/images/item/origin/c5e2c5d70ffbcd3bc879552031bd49cb.jpg",https://hermosa2.thebase.in/items/46732877
Fishy Iphone Case,"¥ 1,960","https://base-ec2if.akamaized.net/w=300,a=0,q=90,u=1/images/item/origin/b614cab4bf1f7c573213fa4adc2d338a.jpg",https://hermosa2.thebase.in/items/46263146
Purple Butterfly Iphone Case,"¥ 1,960","https://base-ec2if.akamaized.net/w=300,a=0,q=90,u=1/images/item/origin/e89691e090b3ccde2013c48bf81337cc.jpg",https://hermosa2.thebase.in/items/46235681
Yoku Iphone Case,"¥ 2,160","https://base-ec2if.akamaized.net/w=300,a=0,q=90,u=1/images/item/origin/645d06e3baca732704d741e06f3f5a19.jpg",https://hermosa2.thebase.in/items/46216994
Mint Chocolate Iphone Case,"¥ 2,060","https://base-ec2if.akamaized.net/w=300,a=0,q=90,u=1/images/item/origin/c4865cda55343d6fa9d7a879e809c9d8.jpg",https://hermosa2.thebase.in/items/46056377
Ppl Iphone Case,"¥ 1,960","https://base-ec2if.akamaized.net/w=300,a=0,q=90,u=1/images/item/origin/a132fd1850adbaf2fafece5677137fa4.jpg",https://hermosa2.thebase.in/items/46056144
You And Me Iphone Case,"¥ 1,960",https://static.thebase.in/img/apps/itemlabel/Corner_hot_rd.png,https://hermosa2.thebase.in/items/45987132
Drops Iphone Case,"¥ 1,960","https://base-ec2if.akamaized.net/w=300,a=0,q=90,u=1/images/item/origin/73778926cbc0312b3dfd0c322747ad8d.jpg",https://hermosa2.thebase.in/items/45928362
Chocolate Brown Iphone Case,"¥ 2,060",https://static.thebase.in/img/apps/itemlabel/Corner_hot_rd.png,https://hermosa2.thebase.in/items/45672577
Tomorrow Baby Iphone Case,"¥ 1,960","https://base-ec2if.akamaized.net/w=300,a=0,q=90,u=1/images/item/origin/9b959d7419874156dd2a8e136ea667eb.jpg",https://hermosa2.thebase.in/items/45487328
Dwarfs Iphone Case,"¥ 2,060",https://static.thebase.in/img/apps/itemlabel/Corner_hot_rd.png,https://hermosa2.thebase.in/items/45477695
Fresh Tomato Iphone Case,"¥ 1,960","https://base-ec2if.akamaized.net/w=300,a=0,q=90,u=1/images/item/origin/1bf836729716cb13eb75bda4a9163121.jpg",https://hermosa2.thebase.in/items/45342466
Apple Marbles Iphone Case,"¥ 2,160",https://static.thebase.in/img/apps/itemlabel/Corner_hot_rd.png,https://hermosa2.thebase.in/items/43271111
Ocean-like Iphone Case,"¥ 1,960","https://base-ec2if.akamaized.net/w=300,a=0,q=90,u=1/images/item/origin/c853b9ce6f3aa1d29962f5a6143c8dc6.jpg",https://hermosa2.thebase.in/items/45135143
Lightly Ok Iphone / Airpods Case,"¥ 1,960","https://base-ec2if.akamaized.net/w=300,a=0,q=90,u=1/images/item/origin/325a9886af9babec065469bb8368513d.jpg",https://hermosa2.thebase.in/items/45134120
Cute Pastel Iphone Case,"¥ 1,860","https://base-ec2if.akamaized.net/w=300,a=0,q=90,u=1/images/item/origin/315cf1ac8b94a64680434331665c600e.jpg",https://hermosa2.thebase.in/items/45085825
Pure White Iphone Case,"¥ 2,260","https://base-ec2if.akamaized.net/w=300,a=0,q=90,u=1/images/item/origin/88df41428aad2464bd5d0e7ae9b1d562.jpg",https://hermosa2.thebase.in/items/45084608
Literary Tulip Iphone / Airpods Case,"¥ 1,960","https://base-ec2if.akamaized.net/w=300,a=0,q=90,u=1/images/item/origin/5f5847966de683d1499be344452084e8.jpg",https://hermosa2.thebase.in/items/45067473
Bittersweet Iphone Case,"¥ 1,960","https://base-ec2if.akamaized.net/w=300,a=0,q=90,u=1/images/item/origin/3fe92deeb569e2d0b4b470d2f471245d.jpg",https://hermosa2.thebase.in/items/45025565
Comic Iphone Case,"¥ 1,960","https://base-ec2if.akamaized.net/w=300,a=0,q=90,u=1/images/item/origin/99d09a13a2dc2590c9a7e3e9c2f43829.jpg",https://hermosa2.thebase.in/items/44984181
Oyasumi Iphone Case,"¥ 1,960",https://static.thebase.in/img/apps/itemlabel/Corner_hot_rd.png,https://hermosa2.thebase.in/items/44976805
Expression Iphone Case,"¥ 2,060","https://base-ec2if.akamaized.net/w=300,a=0,q=90,u=1/images/item/origin/2d3eea1e5d22e9af8553c4376c952379.jpg",https://hermosa2.thebase.in/items/44974988
Black Mmlg Iphone Case,"¥ 1,960","https://base-ec2if.akamaized.net/w=300,a=0,q=90,u=1/images/item/origin/8830ebfd3c964b3b58ee8a8b350c4768.jpg",https://hermosa2.thebase.in/items/44966739
Mirror mirror Iphone Case,"¥ 1,960",https://static.thebase.in/img/apps/itemlabel/Corner_hot_rd.png,https://hermosa2.thebase.in/items/42005281
Seaweedy Iphone Case,"¥ 2,060","https://base-ec2if.akamaized.net/w=300,a=0,q=90,u=1/images/item/origin/28418f82f24b94fd352f18be26d6b21d.jpg",https://hermosa2.thebase.in/items/44824284
Alphabet Iphone Case,"¥ 1,960","https://base-ec2if.akamaized.net/w=300,a=0,q=90,u=1/images/item/origin/8f448cc58d67ad2dfa4001944969183a.jpg",https://hermosa2.thebase.in/items/44660619
Unique Dimple Iphone Case,"¥ 1,960","https://base-ec2if.akamaized.net/w=300,a=0,q=90,u=1/images/item/origin/ef5e9e6c84d300c92249692c9d5f22ab.jpg",https://hermosa2.thebase.in/items/44659861
Sunflower iPhone Case,"¥ 2,060","https://base-ec2if.akamaized.net/w=300,a=0,q=90,u=1/images/item/origin/d7e3beb299b9150f1af537027e925572.jpg",https://hermosa2.thebase.in/items/44206564
Sense Of Touch iPhone Case,"¥ 1,960",https://static.thebase.in/img/apps/itemlabel/Corner_hot_rd.png,https://hermosa2.thebase.in/items/42070070
Dot Flowers Airpods Case,"¥ 2,060","https://base-ec2if.akamaized.net/w=300,a=0,q=90,u=1/images/item/origin/0fa0c1931e31c7850de851070443ff3f.jpg",https://hermosa2.thebase.in/items/44147477
Dot Flowers iPhone Case,"¥ 1,960","https://base-ec2if.akamaized.net/w=300,a=0,q=90,u=1/images/item/origin/b89ac31a79caef0ac6be4d6f252af09a.jpg",https://hermosa2.thebase.in/items/44147454
Blue Flowers iPhone Case,"¥ 1,960","https://base-ec2if.akamaized.net/w=300,a=0,q=90,u=1/images/item/origin/964ed3171487d80d3f252c729aa0ebc7.jpg",https://hermosa2.thebase.in/items/43946248
Unfold iPhone Case,"¥ 1,960","https://base-ec2if.akamaized.net/w=300,a=0,q=90,u=1/images/item/origin/90b9851417394ab0fd5d94cf11111f8a.jpg",https://hermosa2.thebase.in/items/43946149
Artistic iPhone Case,"¥ 2,060","https://base-ec2if.akamaized.net/w=300,a=0,q=90,u=1/images/item/origin/cfc5485bb7a6d6c1abae27e17c8a7890.jpg",https://hermosa2.thebase.in/items/43813530
Pastel Blue iPhone Case,"¥ 2,060","https://base-ec2if.akamaized.net/w=300,a=0,q=90,u=1/images/item/origin/e16b89f50b0a5f1e00ca2f01fec9d264.jpg",https://hermosa2.thebase.in/items/43713264
Pure White iPhone Case,"¥ 2,060","https://base-ec2if.akamaized.net/w=300,a=0,q=90,u=1/images/item/origin/54d04d9da5e149d0d405043314ead17f.jpg",https://hermosa2.thebase.in/items/43713192
Sweet Rose iPhone Case,"¥ 2,060",https://static.thebase.in/img/apps/itemlabel/Corner_hot_rd.png,https://hermosa2.thebase.in/items/43712851
Light Green  iPhone Case,"¥ 1,960","https://base-ec2if.akamaized.net/w=300,a=0,q=90,u=1/images/item/origin/8b476754c907efdc6e8c5b14c24469ad.jpg",https://hermosa2.thebase.in/items/43665487
Brown  iPhone Case,"¥ 1,960","https://base-ec2if.akamaized.net/w=300,a=0,q=90,u=1/images/item/origin/4b02c72a9558c7a102818aa4ff7bd3aa.jpg",https://hermosa2.thebase.in/items/43665444
Ivory iPhone Case,"¥ 1,960","https://base-ec2if.akamaized.net/w=300,a=0,q=90,u=1/images/item/origin/49e72edd81ffe80db155a2e9568d3521.jpg",https://hermosa2.thebase.in/items/43665425
A Flying Cats Airpods Case,"¥ 2,060","https://base-ec2if.akamaized.net/w=300,a=0,q=90,u=1/images/item/origin/4fddc318872d44e4ea660e9c07999a5d.jpg",https://hermosa2.thebase.in/items/43664423
A Flying Cat iPhone Case,"¥ 1,860","https://base-ec2if.akamaized.net/w=300,a=0,q=90,u=1/images/item/origin/4a69444514e809d8cd4411a533323c72.jpg",https://hermosa2.thebase.in/items/43664377
Striped Pattern iPhone Case,"¥ 2,260","https://base-ec2if.akamaized.net/w=300,a=0,q=90,u=1/images/item/origin/bebea950c8ca9729cbd21f22aadf761b.jpg",https://hermosa2.thebase.in/items/42026284
Wavy Stripes iPhone Case,"¥ 1,960",https://static.thebase.in/img/apps/itemlabel/Corner_hot_rd.png,https://hermosa2.thebase.in/items/42092184
Mirror Flower iPhone Case,"¥ 1,960","https://base-ec2if.akamaized.net/w=300,a=0,q=90,u=1/images/item/origin/9e2ed72aff5a975eb1e735362d66168d.jpg",https://hermosa2.thebase.in/items/43605362
City Girls iPhone Case,"¥ 1,960",https://static.thebase.in/img/apps/itemlabel/Corner_hot_rd.png,https://hermosa2.thebase.in/items/42332695
Zebra Pattern Iphone Case,"¥ 1,960","https://base-ec2if.akamaized.net/w=300,a=0,q=90,u=1/images/item/origin/660157a42980ec03c1fc23ffa3b26c98.jpg",https://hermosa2.thebase.in/items/43472447
Sparkling Silver Iphone Case,"¥ 1,960","https://base-ec2if.akamaized.net/w=300,a=0,q=90,u=1/images/item/origin/c7784aae7e9b44b4022bbf41b052e7ac.jpg",https://hermosa2.thebase.in/items/43471590
A Girl with a Duck Iphone Case,"¥ 1,960","https://base-ec2if.akamaized.net/w=300,a=0,q=90,u=1/images/item/origin/afa60f70e028223a4900e1d863eec138.jpg",https://hermosa2.thebase.in/items/43449220
Colorful Iphone Case,"¥ 1,960","https://base-ec2if.akamaized.net/w=300,a=0,q=90,u=1/images/item/origin/d241048e11ea813e63ffeb2791b7de30.jpg",https://hermosa2.thebase.in/items/43448889
Moving Forward Iphone Case,"¥ 2,160","https://base-ec2if.akamaized.net/w=300,a=0,q=90,u=1/images/item/origin/f10d3e4da8116c168fc330edd715946b.jpg",https://hermosa2.thebase.in/items/43371663
Red Marble Iphone Case,"¥ 2,160","https://base-ec2if.akamaized.net/w=300,a=0,q=90,u=1/images/item/origin/4edf8e513115731f72955b6fd2e3a23c.jpg",https://hermosa2.thebase.in/items/43240956
Orange Marble Iphone Case,"¥ 2,160","https://base-ec2if.akamaized.net/w=300,a=0,q=90,u=1/images/item/origin/50150696a9a9a3cbea1598ae0674299d.jpg",https://hermosa2.thebase.in/items/43240909
Blue Marble Iphone Case,"¥ 2,160","https://base-ec2if.akamaized.net/w=300,a=0,q=90,u=1/images/item/origin/efadd9a72df44ad7f4315c8f2dceab92.jpg",https://hermosa2.thebase.in/items/43240844
Blue Butterfly Iphone Case,"¥ 1,960","https://base-ec2if.akamaized.net/w=300,a=0,q=90,u=1/images/item/origin/79b50f5a8296f2a660037aade949614f.jpg",https://hermosa2.thebase.in/items/43238706
Bold Iphone Case,"¥ 2,060","https://base-ec2if.akamaized.net/w=300,a=0,q=90,u=1/images/item/origin/f409fe560082b1a84877888443931a84.jpg",https://hermosa2.thebase.in/items/43203854
White Rose Iphone Case,"¥ 1,960","https://base-ec2if.akamaized.net/w=300,a=0,q=90,u=1/images/item/origin/9bc9f6f1d000836a2b136e9e39b9ea8e.jpg",https://hermosa2.thebase.in/items/43200286
Orangey Dots Iphone Case,"¥ 1,960","https://base-ec2if.akamaized.net/w=300,a=0,q=90,u=1/images/item/origin/fee6b12b8d9d0aa0409f8bd08ddb8b9d.jpg",https://hermosa2.thebase.in/items/43182485
A Flower Iphone Case,"¥ 1,860","https://base-ec2if.akamaized.net/w=300,a=0,q=90,u=1/images/item/origin/7c3968867574a5f05e7f9538de62965c.jpg",https://hermosa2.thebase.in/items/43095910
Mmlg Iphone Case,"¥ 1,860","https://base-ec2if.akamaized.net/w=300,a=0,q=90,u=1/images/item/origin/b9d4e56c9e320e0b46d13b93e55c2d67.jpg",https://hermosa2.thebase.in/items/43062239
Colors of Senses Iphone Case,"¥ 1,960",https://static.thebase.in/img/apps/itemlabel/Corner_hot_rd.png,https://hermosa2.thebase.in/items/42092378
Exhibition Iphone Case,"¥ 2,260","https://base-ec2if.akamaized.net/w=300,a=0,q=90,u=1/images/item/origin/7082707fbc0c32037981d80e0bffc4db.jpg",https://hermosa2.thebase.in/items/43054611
Jesus Christ Iphone Case,"¥ 2,260","https://base-ec2if.akamaized.net/w=300,a=0,q=90,u=1/images/item/origin/d925ee3d459cfcf7c365a8354c1539d4.jpg",https://hermosa2.thebase.in/items/43053963
Beautiful Iphone Case,"¥ 1,960","https://base-ec2if.akamaized.net/w=300,a=0,q=90,u=1/images/item/origin/7a2f5cd9f83459ac7e8cf89d5cfcfefb.jpg",https://hermosa2.thebase.in/items/43045821
Innocent Flowers Iphone Case,"¥ 2,060","https://base-ec2if.akamaized.net/w=300,a=0,q=90,u=1/images/item/origin/ee21e91d6f8b523af01271d0746f915b.jpg",https://hermosa2.thebase.in/items/43039184
Orangish Iphone Case,"¥ 2,260",https://static.thebase.in/img/apps/itemlabel/Corner_hot_rd.png,https://hermosa2.thebase.in/items/42985077
Fancy Blue Iphone Case,"¥ 1,960","https://base-ec2if.akamaized.net/w=300,a=0,q=90,u=1/images/item/origin/fe3ac84424b65dc5a3df7d77ee3e80db.jpg",https://hermosa2.thebase.in/items/42974778
Kissing Booth iPhone Case,"¥ 1,960",https://static.thebase.in/img/apps/itemlabel/Corner_hot_rd.png,https://hermosa2.thebase.in/items/42055533
Inspiration Iphone Case,"¥ 2,060","https://base-ec2if.akamaized.net/w=300,a=0,q=90,u=1/images/item/origin/5a23e5a592557b6d93eedb4ec718cc15.jpg",https://hermosa2.thebase.in/items/42876761
Forever Love Iphone Case,"¥ 1,960","https://base-ec2if.akamaized.net/w=300,a=0,q=90,u=1/images/item/origin/645125ed20cbd3dc611ae8e29f349ad7.jpg",https://hermosa2.thebase.in/items/42815421
Pastel Cloud Iphone Case,"¥ 1,960","https://base-ec2if.akamaized.net/w=300,a=0,q=90,u=1/images/item/origin/dc38456b7a049cb81777333dbea83d29.jpg",https://hermosa2.thebase.in/items/42794422
A Girl Iphone Case,"¥ 1,960","https://base-ec2if.akamaized.net/w=300,a=0,q=90,u=1/images/item/origin/14bb01bf43f7371d243deb3611dcd879.jpg",https://hermosa2.thebase.in/items/42699530
Boobs Iphone Case,"¥ 1,960","https://base-ec2if.akamaized.net/w=300,a=0,q=90,u=1/images/item/origin/cbf931437b38b51ab45b56fda60717cb.jpg",https://hermosa2.thebase.in/items/42648919
Cow Milk Iphone Case,"¥ 1,960",https://static.thebase.in/img/apps/itemlabel/Corner_hot_rd.png,https://hermosa2.thebase.in/items/42604356
Minimalist Orange Iphone Case,"¥ 1,960","https://base-ec2if.akamaized.net/w=300,a=0,q=90,u=1/images/item/origin/782b597df47cd7e97b7f257642f051df.jpg",https://hermosa2.thebase.in/items/42091940
Pink Marble iPhone Case,"¥ 2,060","https://base-ec2if.akamaized.net/w=300,a=0,q=90,u=1/images/item/origin/5f9ef2fc8acc3c0202de1a054426f253.jpg",https://hermosa2.thebase.in/items/42285249
Sunflower Iphone Case,"¥ 1,960","https://base-ec2if.akamaized.net/w=300,a=0,q=90,u=1/images/item/origin/2bf2b12e9b657cad127318d5e567e593.jpg",https://hermosa2.thebase.in/items/42284701
Deep Greens iPhone Case,"¥ 1,960",https://static.thebase.in/img/apps/itemlabel/Penant_hot_wh.png,https://hermosa2.thebase.in/items/42273530
Sparkling Flowers iPhone Case,"¥ 1,960","https://base-ec2if.akamaized.net/w=300,a=0,q=90,u=1/images/item/origin/65f83e8d691e6658f019ab4d24fe04ba.jpg",https://hermosa2.thebase.in/items/42272293
Love Me Harder iPhone Case,"¥ 1,960","https://base-ec2if.akamaized.net/w=300,a=0,q=90,u=1/images/item/origin/ed25d208758f235d55ea547bb49dd622.jpg",https://hermosa2.thebase.in/items/42271817
Beaming Smile iPhone Case,"¥ 1,960","https://base-ec2if.akamaized.net/w=300,a=0,q=90,u=1/images/item/origin/10b18aaf01cde5aa5f51b032d538085d.jpg",https://hermosa2.thebase.in/items/42271765
Spreading Freely iPhone Case,"¥ 1,960","https://base-ec2if.akamaized.net/w=300,a=0,q=90,u=1/images/item/origin/40ee3cb8c26cb35c26ba298e8374bccb.jpg",https://hermosa2.thebase.in/items/42183893
Flowering Plant iPhone Case,"¥ 1,960","https://base-ec2if.akamaized.net/w=300,a=0,q=90,u=1/images/item/origin/ed3447d4584c0da9ee304258a26cb426.jpg",https://hermosa2.thebase.in/items/42183821
Sunrise iPhone Case,"¥ 1,960","https://base-ec2if.akamaized.net/w=300,a=0,q=90,u=1/images/item/origin/1a6dfd7105ddc781ab6f044f1fb8326d.jpg",https://hermosa2.thebase.in/items/42183749
Sunset iPhone Case,"¥ 1,960","https://base-ec2if.akamaized.net/w=300,a=0,q=90,u=1/images/item/origin/f21d9de438b95f0a9d15c5e51dd7fb94.jpg",https://hermosa2.thebase.in/items/42183734
Girls in a Cartoon Iphone Case,"¥ 1,960","https://base-ec2if.akamaized.net/w=300,a=0,q=90,u=1/images/item/origin/07e873b54957620caca3b135e70b1bc0.jpg",https://hermosa2.thebase.in/items/42178724
Wired Face Iphone Case,"¥ 1,960","https://base-ec2if.akamaized.net/w=300,a=0,q=90,u=1/images/item/origin/dc8e4c25701a9f89970d91cbbe66b821.jpg",https://hermosa2.thebase.in/items/42092638
LEON and MATILDA Iphone Case,"¥ 1,860","https://base-ec2if.akamaized.net/w=300,a=0,q=90,u=1/images/item/origin/37934ebfeade564acbbad0807534f651.jpg",https://hermosa2.thebase.in/items/42092287
YES! YES! YES! iPhone Case,"¥ 1,960","https://base-ec2if.akamaized.net/w=300,a=0,q=90,u=1/images/item/origin/a8037ce35c571d885edd16506259a9de.jpg",https://hermosa2.thebase.in/items/42092078
Words Up iPhone Case,"¥ 2,060","https://base-ec2if.akamaized.net/w=300,a=0,q=90,u=1/images/item/origin/1098abd3394fbf609de1e235320d6c8c.jpg",https://hermosa2.thebase.in/items/42091778
Squeeze iPhone Case,"¥ 1,960","https://base-ec2if.akamaized.net/w=300,a=0,q=90,u=1/images/item/origin/6c833eab561d018dfea0afb818a0f126.jpg",https://hermosa2.thebase.in/items/42091744
Lighten Me Up iPhone Case,"¥ 1,960",https://static.thebase.in/img/apps/itemlabel/Penant_hot_wh.png,https://hermosa2.thebase.in/items/42091691
Plain Pattern Iphone Case,"¥ 1,960","https://base-ec2if.akamaized.net/w=300,a=0,q=90,u=1/images/item/origin/f4be78ce54a6d1bb94364f4f1dc53ba5.jpg",https://hermosa2.thebase.in/items/42091594
Dark Green iPhone Case,"¥ 2,060","https://base-ec2if.akamaized.net/w=300,a=0,q=90,u=1/images/item/origin/dfd805d2f34953255b92024e350a82ad.jpg",https://hermosa2.thebase.in/items/42091394
Blue and Green iPhone Case,"¥ 2,060",https://static.thebase.in/img/apps/itemlabel/Corner_hot_rd.png,https://hermosa2.thebase.in/items/42080140
Cafe’s Blue iPhone Case,"¥ 1,960","https://base-ec2if.akamaized.net/w=300,a=0,q=90,u=1/images/item/origin/63b99742ec5b7c4dbf09a06570bc76f2.jpg",https://hermosa2.thebase.in/items/42080109
Fancy Ducks iPhone Case,"¥ 1,960","https://base-ec2if.akamaized.net/w=300,a=0,q=90,u=1/images/item/origin/08ee6251ba5ec366d8dd4dbb90408c5e.jpg",https://hermosa2.thebase.in/items/42080090
Art Museum Iphone Case,"¥ 1,960",https://static.thebase.in/img/apps/itemlabel/Corner_hot_rd.png,https://hermosa2.thebase.in/items/42067363
Just Want to Make You Happy iPhone Case,"¥ 1,960","https://base-ec2if.akamaized.net/w=300,a=0,q=90,u=1/images/item/origin/d788ce9c8668caaf1781cad02c2e872e.jpg",https://hermosa2.thebase.in/items/42060768
Colors iPhone Case,"¥ 1,960","https://base-ec2if.akamaized.net/w=300,a=0,q=90,u=1/images/item/origin/08c1987d79a54b0dcfdd2894ea095360.jpg",https://hermosa2.thebase.in/items/42059763
Lady’s and Gentlemen ver.2 Iphone Case,"¥ 1,960","https://base-ec2if.akamaized.net/w=300,a=0,q=90,u=1/images/item/origin/e5d75477effbb3b04543c38191ad9a1b.jpg",https://hermosa2.thebase.in/items/42059486
Independent Women iPhone Case,"¥ 1,960","https://base-ec2if.akamaized.net/w=300,a=0,q=90,u=1/images/item/origin/408cc4776a9ed26305234a24767dea8d.jpg",https://hermosa2.thebase.in/items/42059368
A Duck iPhone Case,"¥ 1,960","https://base-ec2if.akamaized.net/w=300,a=0,q=90,u=1/images/item/origin/e7bc4adc121f8382c3ffd1a3be7a16b5.jpg",https://hermosa2.thebase.in/items/42059360
Orange and Pear Iphone Case,"¥ 1,960","https://base-ec2if.akamaized.net/w=300,a=0,q=90,u=1/images/item/origin/d90c5a07247c439395d3aea4437ed556.jpg",https://hermosa2.thebase.in/items/42059057
Women Iphone Case,"¥ 1,960","https://base-ec2if.akamaized.net/w=300,a=0,q=90,u=1/images/item/origin/25308626f9cb5078abf5c78e106b1bf8.jpg",https://hermosa2.thebase.in/items/42056182
I Found You iPhone Case,"¥ 1,760","https://base-ec2if.akamaized.net/w=300,a=0,q=90,u=1/images/item/origin/c0056568e55ec46fb55c6c5345d13076.jpg",https://hermosa2.thebase.in/items/42056056
Portraits Iphone Case,"¥ 1,960",https://static.thebase.in/img/apps/itemlabel/Corner_hot_rd.png,https://hermosa2.thebase.in/items/42055563
Graffiti iPhone Case,"¥ 1,960","https://base-ec2if.akamaized.net/w=300,a=0,q=90,u=1/images/item/origin/f38bab9ed972333fbcddcd71ac958315.jpg",https://hermosa2.thebase.in/items/42055214
Painting Dots iPhone Case,"¥ 1,960","https://base-ec2if.akamaized.net/w=300,a=0,q=90,u=1/images/item/origin/58c809fb0ce23423fd9ea13b699d970d.jpg",https://hermosa2.thebase.in/items/42055172
Face Designed iPhone Case,"¥ 1,960","https://base-ec2if.akamaized.net/w=300,a=0,q=90,u=1/images/item/origin/f3836b203d164963175c3379a90217ed.jpg",https://hermosa2.thebase.in/items/42055150
Deformed Lines iPhone Case,"¥ 1,760","https://base-ec2if.akamaized.net/w=300,a=0,q=90,u=1/images/item/origin/fc39787cedf2a22e2e9c4db21e6f299e.jpg",https://hermosa2.thebase.in/items/42054908
Painting of Girls Iphone Case,"¥ 1,960","https://base-ec2if.akamaized.net/w=300,a=0,q=90,u=1/images/item/origin/ee6947952b74a626899e38f32851edde.jpg",https://hermosa2.thebase.in/items/42054707
Emotions Iphone Case,"¥ 1,960","https://base-ec2if.akamaized.net/w=300,a=0,q=90,u=1/images/item/origin/4f70b5befe9f6bc0d1eef248ef48913b.jpg",https://hermosa2.thebase.in/items/42051956
Yellow Bird Iphone Case,"¥ 1,960","https://base-ec2if.akamaized.net/w=300,a=0,q=90,u=1/images/item/origin/d9d51b9e9992bd450cd1de21f2c1f13e.jpg",https://hermosa2.thebase.in/items/42049189
Pinky Dinosaur iphone Case,"¥ 2,060","https://base-ec2if.akamaized.net/w=300,a=0,q=90,u=1/images/item/origin/4fda6542643a9f01fc61e5c00e316306.jpg",https://hermosa2.thebase.in/items/42026250
Fresh Orange Iphone Case,"¥ 2,060","https://base-ec2if.akamaized.net/w=300,a=0,q=90,u=1/images/item/origin/cc9b2a56d860d18a8d160fef0d403371.jpg",https://hermosa2.thebase.in/items/42026205
Cuteness Overload Iphone Case ver.2,"¥ 2,260","https://base-ec2if.akamaized.net/w=300,a=0,q=90,u=1/images/item/origin/fb3ea270395972b2971039aa08fd68f6.jpg",https://hermosa2.thebase.in/items/42013945
Cuteness Overload Iphone Case,"¥ 2,260","https://base-ec2if.akamaized.net/w=300,a=0,q=90,u=1/images/item/origin/2f6bdf2bb9617402c175396b19eba50f.jpg",https://hermosa2.thebase.in/items/42013863
Pink Tulips Iphone Case,"¥ 1,960","https://base-ec2if.akamaized.net/w=300,a=0,q=90,u=1/images/item/origin/306f55a9ddc3a1e9ffefadbbe36deebd.jpg",https://hermosa2.thebase.in/items/42013808
Quite Animals Iphone Case,"¥ 1,960","https://base-ec2if.akamaized.net/w=300,a=0,q=90,u=1/images/item/origin/3e9e3dd0c05249f58c61ca919ea896a3.jpg",https://hermosa2.thebase.in/items/42013765
Icecream Monster Iphone Case,"¥ 2,060","https://base-ec2if.akamaized.net/w=300,a=0,q=90,u=1/images/item/origin/32f24fcf907a2f8ccf55a66ee3c1b87d.jpg",https://hermosa2.thebase.in/items/42013735
Tie Dye Iphone Case,"¥ 1,960","https://base-ec2if.akamaized.net/w=300,a=0,q=90,u=1/images/item/origin/23dfcb2402ac0395c21f735b5dae5c66.jpg",https://hermosa2.thebase.in/items/42005801
Fluffy Peach Iphone Case,"¥ 2,060","https://base-ec2if.akamaized.net/w=300,a=0,q=90,u=1/images/item/origin/86678fde561c3e22d88a3f3c512452a5.jpg",https://hermosa2.thebase.in/items/42005590
Yolo Oops Iphone Case,"¥ 1,960","https://base-ec2if.akamaized.net/w=300,a=0,q=90,u=1/images/item/origin/021c36ac12c43dce34582ac8615910af.jpg",https://hermosa2.thebase.in/items/42005078
Black Pink Iphone Case,"¥ 1,960","https://base-ec2if.akamaized.net/w=300,a=0,q=90,u=1/images/item/origin/1d28d93c70ac2738e928f4020a236025.jpg",https://hermosa2.thebase.in/items/42004094
